DELETE FROM CUSTOMERS;
DELETE FROM FOOD;
DELETE FROM ENTERTAINMENT;

INSERT INTO CUSTOMERS (id, LAST_NAME, FIRST_NAME, LOGIN, PASS) VALUES (1, 'petrov', 'Nick', 'edd', 'pass1');
INSERT INTO CUSTOMERS (id, LAST_NAME, FIRST_NAME, LOGIN, PASS) VALUES (2, 'orlov', 'Alex', 'stupid', 'pass1');
INSERT INTO CUSTOMERS (id, LAST_NAME, FIRST_NAME, LOGIN, PASS) VALUES (3, 'kirylova', 'Valery', 'girl', 'pass1');
INSERT INTO CUSTOMERS (id, LAST_NAME, FIRST_NAME, LOGIN, PASS) VALUES (4, 'denisov', 'Vitaly', 'ddd', 'pass1');
INSERT INTO CUSTOMERS (id, LAST_NAME, FIRST_NAME, LOGIN, PASS) VALUES (5, 'komarova', 'Inna', 'ha', 'pass1');
INSERT INTO CUSTOMERS (id, LAST_NAME, FIRST_NAME, LOGIN, PASS) VALUES (6, 'shvarts', 'Dmitry', 'snoop', 'pass1');
INSERT INTO CUSTOMERS (id, LAST_NAME, FIRST_NAME, LOGIN, PASS) VALUES (7, 'dorognaya', 'Viktorija', 'fed', 'pass1');

INSERT INTO FOOD (id, DESCRIPTION, NAME, PRICE) VALUES (1, 'cold', 'icecream', '100');
INSERT INTO FOOD (id, DESCRIPTION, NAME, PRICE) VALUES (2, 'hot', 'tea', '50');
INSERT INTO FOOD (id, DESCRIPTION, NAME, PRICE) VALUES (3, 'sweet', 'cookie', '15');
INSERT INTO FOOD (id, DESCRIPTION, NAME, PRICE) VALUES (4, 'sour', 'lemon', '300');
INSERT INTO FOOD (id, DESCRIPTION, NAME, PRICE) VALUES (5, 'spicy', 'pepper', '400');

INSERT INTO ENTERTAINMENT (id, DESCRIPTION, NAME, DURATION, PRICE) VALUES (1, 'play', 'clown', 150, 2000);
INSERT INTO ENTERTAINMENT (id, DESCRIPTION, NAME, DURATION, PRICE) VALUES (2, 'hockey', 'game', 60, 3000);
INSERT INTO ENTERTAINMENT (id, DESCRIPTION, NAME, DURATION, PRICE) VALUES (3, 'football', 'game', 70, 4000);
INSERT INTO ENTERTAINMENT (id, DESCRIPTION, NAME, DURATION, PRICE) VALUES (4, 'swimming', 'play', 80, 3500);
INSERT INTO ENTERTAINMENT (id, DESCRIPTION, NAME, DURATION, PRICE) VALUES (5, 'basketball', 'trainer', 40, 500);

INSERT INTO KIDSCLUB.PUBLIC.ORDERS (id, CUSTOMER_ID, STATUS) VALUES (1, 1, 'OPEN');
INSERT INTO KIDSCLUB.PUBLIC.ORDERS (id, CUSTOMER_ID, STATUS) VALUES (2, 1, 'CLOSED');
INSERT INTO KIDSCLUB.PUBLIC.ORDERS (id, CUSTOMER_ID, STATUS) VALUES (3, 3, 'OPEN');
INSERT INTO KIDSCLUB.PUBLIC.ORDERS (id, CUSTOMER_ID, STATUS) VALUES (4, 3, 'IN_PROCESS');
INSERT INTO KIDSCLUB.PUBLIC.ORDERS (id, CUSTOMER_ID, STATUS) VALUES (5, 3, 'CLOSED');

INSERT INTO KIDSCLUB.PUBLIC.ORDERS_FOOD (ORDER_ID, FOOD_ID) VALUES (1, 3);
INSERT INTO KIDSCLUB.PUBLIC.ORDERS_FOOD (ORDER_ID, FOOD_ID) VALUES (1, 4);
INSERT INTO KIDSCLUB.PUBLIC.ORDERS_FOOD (ORDER_ID, FOOD_ID) VALUES (2, 4);
INSERT INTO KIDSCLUB.PUBLIC.ORDERS_FOOD (ORDER_ID, FOOD_ID) VALUES (3, 5);
INSERT INTO KIDSCLUB.PUBLIC.ORDERS_FOOD (ORDER_ID, FOOD_ID) VALUES (3, 3);
INSERT INTO KIDSCLUB.PUBLIC.ORDERS_FOOD (ORDER_ID, FOOD_ID) VALUES (4, 1);
INSERT INTO KIDSCLUB.PUBLIC.ORDERS_FOOD (ORDER_ID, FOOD_ID) VALUES (5, 2);